item,topic01,topic02,topic03,topic04,primary_factor,facet,reverse,secondary_factor,facet,"reverse
",type1,type2,type3,WX,WX,NX,WY,WX,WX,WY,NY,WX,NX,WY,WY,NY,WX,NX,WY,WX,WY,NX,WX,WY,WY,WX,NY,WX,WY,WX,NY,WY,WX,NX,WX,WY,WX,WY,WX,NX,WY,WY,WX,NY,WX,WY,NX,WX,WY,WX,NY,NX,NY
"Saying ""thank you"" when someone holds the door.",In Public,Service,,,Extraversion,Positive Emotions,TRUE,Agreeableness,Compliance,TRUE,,,,1,1,0.5,0.5,1,1,0.5,0,1,0.5,0.5,0.5,0,1,0.5,0.5,1,0.5,0.5,1,0.5,0.5,1,0,1,0.5,1,0,0.5,1,0.5,1,0.5,1,0.5,1,0.5,0.5,0.5,1,0,1,0.5,0.5,1,0.5,1,0,0.5,0
"Low talking, or talking at a volume that's hard to hear.",Personal,Friends,Habits,,Natural_Reactions,Self-Consciousness,TRUE,Extraversion,Assertiveness,FALSE,,,,0,0,0,-0.5,0,-0.5,-0.5,-0.5,0,0,-0.5,-0.5,-0.5,0,0,-0.5,0,-0.5,0,0,-0.5,-0.5,0,-0.5,0,-0.5,0,-0.5,-0.5,0,0,0,-0.5,0,-0.5,0,0,-0.5,-0.5,0,-0.5,0,-0.5,0,0,-0.5,0,-0.5,0,-0.5
Standing close to a stranger in public.,In Public,,,,Extraversion,Gregariousness,TRUE,Agreeableness,Modesty,FALSE,,,,1,1,0.5,0.5,1,0,0.5,0,1,0.5,0.5,0.5,0,1,0.5,0.5,1,0.5,0.5,1,0.5,0.5,1,0,1,0.5,1,0,0.5,1,0.5,1,0.5,1,0.5,1,0.5,0.5,0.5,1,0,1,0.5,0.5,1,0.5,1,0,0.5,0
Making out with someone in an elevator with other people there.,Love & Sex,In Public,,,Openness,Willingness to Experiment,TRUE,Extraversion,Excitement-Seeking,TRUE,Relationship,,,0,0,-0.5,0.5,0,-1,0.5,0,0,-0.5,0.5,0.5,0,0,-0.5,0.5,0,0.5,-0.5,0,0.5,0.5,0,0,0,0.5,0,0,0.5,0,-0.5,0,0.5,0,0.5,0,-0.5,0.5,0.5,0,0,0,0.5,-0.5,0,0.5,0,0,-0.5,0
Having a loud conversation on the elevator.,In Public,Work,,,Extraversion,Activity Level,TRUE,Natural_Reactions,Self-Consciousness,FALSE,,,,0.5,-0.5,0,1,0.5,-0.5,1,0.5,0.5,0,1,1,0.5,0.5,0,1,0.5,1,0,0.5,1,1,0.5,0.5,0.5,1,0.5,0.5,1,0.5,0,0.5,1,0.5,1,0.5,0,1,1,0.5,0.5,0.5,1,0,0.5,1,0.5,0.5,0,0.5
Nose picking in public.,Personal,Habits,,,Agreeableness,Compliance,FALSE,Natural_Reactions,Self-Consciousness,FALSE,Gross,,,-1,-1,-0.5,0,-1,-0.5,0,0,-0.5,-1,-1,-1,0,-0.5,-1,-1,-0.5,0,-0.5,-1,-1,0,-0.5,0,-1,0,-0.5,0,0,-1,-0.5,-0.5,0,-0.5,-1,-0.5,-0.5,0,0,-1,0,-0.5,0,-0.5,-0.5,-1,-0.5,0,-0.5,0
Going to a party when sick.,Play,Personal,,,Extraversion,Excitement-Seeking,TRUE,Agreeableness,Altruism,FALSE,,,,0.5,0.5,0,1,0.5,0.5,1,0.5,0.5,0,1,1,0.5,0.5,0,1,0.5,1,0,0.5,1,1,0.5,0.5,0.5,1,0.5,0.5,1,0.5,0,0.5,1,0.5,1,0.5,0,1,1,0.5,0.5,0.5,1,0,0.5,1,0.5,0.5,0,0.5
Yelling to ask someone a question when they're in the bathroom.,Home & Family,Personal,,,Agreeableness,Modesty,FALSE,Extraversion,Assertiveness,TRUE,Funny,,,-1,-1,-0.5,-0.5,-1,-0.5,-0.5,-0.5,-0.5,0.5,-0.5,-1,-0.5,-0.5,-0.5,-0.5,-0.5,-0.5,-1,-0.5,-0.5,-0.5,-0.5,-0.5,0.5,-0.5,0.5,-0.5,-1,-0.5,-0.5,-0.5,-0.5,0.5,-1,-0.5,-0.5,-0.5,-0.5,-0.5,-1,0.5,-0.5,-0.5,-0.5,-1,-0.5,-1,0.5,-0.5
Talking to a stranger in a public bathroom.,In Public,Personal,,,Extraversion,Assertiveness,TRUE,Natural_Reactions,Self-Consciousness,FALSE,Funny,,,0.5,0.5,0,1,0.5,0.5,1,0.5,0.5,0,1,1,0.5,0.5,0,1,0.5,1,0,0.5,1,1,0.5,0.5,0.5,1,0.5,0.5,1,0.5,0,0.5,1,0.5,1,0.5,0,1,1,0.5,0.5,0.5,1,0,0.5,1,0.5,0.5,0,0.5
Making a phone call in the bathroom.,Internet Etc,Work,In Public,,Natural_Reactions,Self-Consciousness,FALSE,Extraversion,Assertiveness,TRUE,Funny,,,0,0,0,-0.5,0,0,-0.5,-0.5,0,0,-0.5,-0.5,-0.5,0,-1,-0.5,0,-0.5,0,0,-0.5,-0.5,0,-0.5,0,-1,0,-0.5,-0.5,0,0,-1,-0.5,0,-0.5,-1,0,-0.5,-0.5,0,-1,-1,-0.5,0,0,-0.5,0,-0.5,0,-1
Using a cute dog as an excuse to talk to the cute owner.,Love & Sex,Pets,In Public,,Extraversion,Assertiveness,TRUE,Agreeableness,Sincerity,FALSE,Funny,Relationship,,0.5,0.5,0,1,0.5,0.5,1,0.5,0.5,0,1,1,0.5,0.5,0,1,0.5,1,0,0.5,1,1,0.5,0.5,0.5,1,0.5,0.5,1,0.5,0,0.5,1,0.5,1,0.5,0,1,1,0.5,0.5,0.5,1,0,0.5,1,0.5,0.5,0,0.5
Apologizing for your dog when they are aggressive.,Pets,In Public,,,Natural_Reactions,Self-Consciousness,TRUE,Extraversion,Warmth,TRUE,,,,0,0.5,0,-0.5,0,0,-0.5,-0.5,0,0,-0.5,-0.5,-0.5,0,0,-0.5,0,-0.5,0,0,-0.5,-0.5,0,-0.5,0,-0.5,0,-0.5,-0.5,0,0,0,-0.5,0,-0.5,0,0,-0.5,-0.5,0,-0.5,0,-0.5,0,0,-0.5,0,-0.5,0,-0.5
"Saying ""I'll call you"" after a bad date with no intention to call.",Love & Sex,,,,Agreeableness,Sincerity,FALSE,Extraversion,Assertiveness,FALSE,Ethical,Relationship,,-0.5,-0.5,-0.5,0.5,-0.5,-0.5,0.5,0.5,1,-0.5,0.5,0.5,0.5,-0.5,1,0.5,-0.5,0.5,1,1,0.5,0.5,-0.5,0.5,0.5,0.5,1,0.5,0.5,-0.5,1,1,0.5,-0.5,0.5,-0.5,1,0.5,0.5,1,-0.5,1,-0.5,1,-0.5,0.5,1,-0.5,1,-0.5
Farting out loud when family is around.,Home & Family,,,,Agreeableness,Modesty,FALSE,Natural_Reactions,Self-Consciousness,FALSE,Gross,,,-1,-0.5,-0.5,-0.5,-0.5,-1,-0.5,-0.5,-1,-0.5,-0.5,-0.5,-0.5,-1,-1,-0.5,-1,-0.5,-1,-0.5,-1,-1,-0.5,-1,-1,-0.5,-1,-0.5,-0.5,-0.5,-1,-1,-0.5,-1,-1,-1,-0.5,-1,-0.5,-1,-0.5,-1,-0.5,-1,-0.5,-0.5,-1,-0.5,-1,-0.5
Asking if anyone farted when there's a funny smell.,In Public,,,,Extraversion,Assertiveness,TRUE,Agreeableness,Sympathy,FALSE,Gross,,,-0.5,0.5,-0.5,1,-0.5,-0.5,0,0.5,-0.5,0,1,-0.5,0.5,0.5,0,1,-0.5,1,-0.5,0.5,1,-0.5,0,0.5,-0.5,1,-0.5,0,1,0.5,-0.5,0.5,1,-0.5,1,0.5,0,-0.5,1,-0.5,0,-0.5,1,-0.5,0.5,1,-0.5,0,0,-0.5
Posting about politics on social media.,Internet Etc,Friends,,,Agreeableness,Modesty,FALSE,Extraversion,Assertiveness,TRUE,,,,-0.5,-1,-0.5,0.5,0.5,-0.5,-1,0.5,-0.5,-0.5,0,-0.5,-0.5,0,-1,-0.5,-0.5,-0.5,-0.5,-0.5,-0.5,-1,-0.5,-0.5,0,0,-1,-0.5,-0.5,-0.5,-1,-0.5,-0.5,-1,-1,-1,-0.5,-0.5,-0.5,-0.5,-0.5,-1,-0.5,-0.5,-1,-0.5,-0.5,-0.5,-1,-0.5
Talking about politics at a family holiday dinner.,Home & Family,Food & Drink,,,Openness,Intellectual Curiosity,TRUE,Conscientiousness,Cautiousness,FALSE,,,,0,0,-0.5,0.5,0,-0.5,0.5,0,-0.5,-0.5,0.5,0.5,0,0,-0.5,0.5,0,0.5,-0.5,0,0.5,0.5,0,0,0,0.5,0,0,0.5,0,-0.5,0,0.5,0,0.5,0,-0.5,0.5,0.5,0,0,0,0.5,-0.5,0,0.5,0,0,-0.5,0
Cutting off a car that's trying to merge.,In Public,,,,Extraversion,Assertiveness,TRUE,Agreeableness,Altruism,FALSE,Transport,,,0.5,0.5,0,1,0.5,0,1,0.5,0.5,0,1,1,0.5,0.5,0,1,0.5,1,0,0.5,1,1,0.5,0.5,0.5,1,0.5,0.5,1,0.5,0,0.5,1,0.5,1,0.5,0,1,1,0.5,0.5,0.5,1,0,0.5,1,0.5,0.5,0,0.5
Letting a stranger buy drinks if they're cute.,Money,Love & Sex,Food & Drink,,Openness,Willingness to Experiment,TRUE,Natural_Reactions,Self-Consciousness,FALSE,Gendered,Age,Substances,0,1,-0.5,0.5,0,0,0.5,0,0,-0.5,0.5,0.5,0,0,-0.5,0.5,0,0.5,-0.5,0,0.5,0.5,0,0,0,0.5,0,0,0.5,0,-0.5,0,0.5,0,0.5,0,-0.5,0.5,0.5,0,0,0,0.5,-0.5,0,0.5,0,0,-0.5,0
Flirting with the bartender to get free drinks when you're not single.,Food & Drink,Service,Money,Love & Sex,Extraversion,Assertiveness,TRUE,Agreeableness,Sincerity,FALSE,Relationship,Substances,Age,0.5,-0.5,0,1,-0.5,0.5,-0.5,0.5,0.5,0,-1,-0.5,0.5,0.5,0,1,0.5,-1,0,0.5,1,1,0.5,0.5,0.5,1,0.5,-0.5,1,-0.5,0,-0.5,1,0.5,-0.5,-0.5,0,0.5,0,-0.5,-0.5,0.5,1,0,-0.5,-0.5,0.5,0.5,-0.5,0.5
Watching your kid get knocked down by another kid and saying nothing.,Home & Family,In Public,,,Agreeableness,Compliance,TRUE,Extraversion,Assertiveness,FALSE,Parental,,,0.5,0.5,0.5,0,0.5,0.5,0,0,0.5,0.5,0,0,0,0.5,0.5,0,0.5,0,0.5,0.5,0,0,0.5,0,0.5,0,0.5,0,0,0.5,0.5,0.5,0,0.5,0,0.5,0.5,0,0,0.5,0,0.5,0,0.5,0.5,0,0.5,0,0.5,0
Leaving a party without saying goodbye to friends.,Friends,Play,Play,,Extraversion,Assertiveness,TRUE,Agreeableness,Compliance,FALSE,Funny,,,-1,-0.5,-0.5,0,0.5,-0.5,-0.5,-1,-1,-0.5,-0.5,0.5,-0.5,-0.5,-1,-1,-0.5,-0.5,0.5,-0.5,-0.5,-1,-1,-0.5,-0.5,1,0.5,0.5,-0.5,-0.5,-1,-1,-0.5,-0.5,1,0.5,0.5,-0.5,-0.5,-1,-1,-0.5,0.5,-0.5,-0.5,-1,-1,-0.5,-0.5,0.5
Allowing yourself to be seated at a bad table even though you had reservations.,Play,Money,Food & Drink,,Extraversion,Assertiveness,FALSE,Natural_Reactions,Self-Consciousness,TRUE,,,,-0.5,-1,0.5,-1,-0.5,-0.5,-1,-0.5,-1,0,-1,-1,-0.5,-1,0,-1,-0.5,-1,0.5,-1,-1,-1,-1,-0.5,-1,-1,-0.5,-0.5,-1,-1,0.5,-0.5,-1,-1,-1,-0.5,0.5,-1,-1,-0.5,-0.5,-0.5,-1,0,-0.5,-1,-0.5,-1,0,-1
Sending food back at a restaurant because it may have gone bad.,Food & Drink,,,,Extraversion,Assertiveness,TRUE,Natural_Reactions,Self-Consciousness,FALSE,,,,0.5,0.5,0,1,0.5,0.5,1,0.5,0.5,0,1,1,0.5,0.5,0,1,0.5,1,0,0.5,1,1,0.5,0.5,0.5,1,0.5,0.5,1,0.5,0,0.5,1,0.5,1,0.5,0,1,1,0.5,0.5,0.5,1,0,0.5,1,0.5,0.5,0,0.5
Making out with someone you just met in public.,Love & Sex,In Public,,,Extraversion,Excitement-Seeking,TRUE,Natural_Reactions,Anxiety,FALSE,Relationship,Funny,,0.5,0.5,0,1,0.5,0.5,1,0.5,0.5,0,1,1,0.5,0.5,0,1,0.5,1,0,0.5,1,1,0.5,0.5,0.5,1,0.5,0.5,1,0.5,0,0.5,1,0.5,1,0.5,0,1,1,0.5,0.5,0.5,1,0,0.5,1,0.5,0.5,0,0.5
Exiting your row crotch-to-face on a plane.,Travel,,,,Extraversion,Assertiveness,TRUE,Agreeableness,Modesty,FALSE,,,,0.5,0.5,0,1,0.5,0.5,1,0.5,0.5,0,1,1,0.5,0.5,0,1,0.5,1,0,0.5,1,1,0.5,0.5,0.5,1,0.5,0.5,1,0.5,0,0.5,1,0.5,1,0.5,0,1,1,0.5,0.5,0.5,1,0,0.5,1,0.5,0.5,0,0.5
Asking to share a table with strangers at a crowded bar or pub.,Play,Food & Drink,,,Extraversion,Assertiveness,TRUE,Agreeableness,Modesty,FALSE,Substances,,,0.5,0.5,0,1,0,0.5,1,0.5,0.5,0,1,1,0.5,0.5,0,1,0.5,1,0,0.5,1,1,0.5,0.5,0.5,1,0.5,0.5,1,0.5,0,0.5,1,0.5,1,0.5,0,1,1,0.5,0.5,0.5,1,0,0.5,1,0.5,0.5,0,0.5
Approaching an attractive stranger at a party.,Love & Sex,In Public,,,Extraversion,Assertiveness,TRUE,Agreeableness,Compliance,FALSE,Relationship,,,0.5,0.5,0,1,0.5,0.5,1,0.5,0.5,0,1,1,0.5,0.5,0,1,0.5,1,0,0.5,1,1,0.5,0.5,0.5,1,0.5,0.5,1,0.5,0,0.5,1,0.5,1,0.5,0,1,1,0.5,0.5,0.5,1,0,0.5,1,0.5,0.5,0,0.5
Hitting on a stranger in a rideshare car.,Love & Sex,In Public,,,Extraversion,Assertiveness,TRUE,Agreeableness,Compliance,FALSE,Relationship,,,0.5,-0.5,0,1,0.5,0.5,1,0.5,0.5,0,1,1,0.5,0.5,0,1,0.5,1,0,0.5,1,1,0.5,0.5,0.5,1,0.5,0.5,1,0.5,0,0.5,1,0.5,1,0.5,0,1,1,0.5,0.5,0.5,1,0,0.5,1,0.5,0.5,0,0.5
Hitting on a stranger on a train.,Love & Sex,In Public,Travel,,Extraversion,Assertiveness,TRUE,Natural_Reactions,Self-Consciousness,FALSE,Relationship,,,0.5,0.5,0,1,0.5,0.5,1,0.5,0.5,0,1,1,0.5,0.5,0,1,0.5,1,0,0.5,1,1,0.5,0.5,0.5,1,0.5,0.5,1,0.5,0,0.5,1,0.5,1,0.5,0,1,1,0.5,0.5,0.5,1,0,0.5,1,0.5,0.5,0,0.5
Inviting a person you're dating to an event that's really important to you.,Love & Sex,In Public,,,Extraversion,Assertiveness,TRUE,Natural_Reactions,Anxiety,FALSE,,,,0.5,0.5,0,1,0.5,0.5,1,0.5,0.5,0,1,1,0.5,0.5,0,1,0.5,1,0,0.5,1,1,0.5,0.5,0.5,1,0.5,0.5,1,0.5,0,0.5,1,0.5,1,0.5,0,1,1,0.5,0.5,0.5,1,0,0.5,1,0.5,0.5,0,0.5
Not letting the passenger pick the music in your car.,In Public,Friends,,,Openness,Willingness to Experiment,FALSE,Agreeableness,Modesty,FALSE,Transport,,,-0.5,-0.5,-0.5,0.5,0,0,1,0,0,-0.5,-0.5,-0.5,-0.5,0,-0.5,0.5,0,0.5,-0.5,0,-0.5,-0.5,0,-0.5,0,0.5,0,0,-0.5,0,-0.5,0,-0.5,0,-0.5,0,0,-0.5,-0.5,0,-0.5,0,-0.5,-0.5,0,-0.5,0,-0.5,-0.5,0
Asking the person you're dating about their sexual history.,Love & Sex,,,,Extraversion,Assertiveness,TRUE,Agreeableness,Modesty,FALSE,Relationship,,,0.5,0.5,0,1,0.5,0.5,1,0.5,0.5,0,1,1,0.5,0.5,0,1,0.5,1,0,0.5,1,1,0.5,0.5,0.5,1,0.5,0.5,1,0.5,0,0.5,1,0.5,1,0.5,0,1,1,0.5,0.5,0.5,1,0,0.5,1,0.5,0.5,0,0.5
Going to a winery to taste wines.,Food & Drink,Play,,,Openness,Artistic Interests,TRUE,Extraversion,Activity Level,TRUE,Substances,,,0.5,0.5,0,0,0.5,0.5,0,-0.5,0.5,0,0,0,-0.5,0.5,0,0,0.5,0,0,0.5,0,0,0.5,-0.5,0.5,0,0.5,-0.5,0,0.5,0,0.5,0,0.5,0,0.5,0,0,0,0.5,-0.5,0.5,0,0,0.5,0,0.5,-0.5,0,-0.5
Letting your kids make their own mistakes.,Home & Family,,,,Openness,Willingness to Experiment,TRUE,Natural_Reactions,Anxiety,FALSE,Parental,,,0,0,-0.5,0.5,0,0,0.5,0,0,-0.5,0.5,0.5,0,0,-0.5,0.5,0,0.5,-0.5,0,0.5,0.5,0,0,0,0.5,0,0,0.5,0,-0.5,0,0.5,0,0.5,0,-0.5,0.5,0.5,0,0,0,0.5,-0.5,0,0.5,0,0,-0.5,0
Telling your parents to shut up.,Home & Family,,,,Extraversion,Assertiveness,TRUE,Agreeableness,Compliance,FALSE,,,,0.5,0.5,0,1,0.5,0.5,1,0.5,0.5,0,1,1,0.5,0.5,0,1,0.5,1,0,0.5,1,1,0.5,0.5,0.5,1,0.5,0.5,1,0.5,0,0.5,1,0.5,1,0.5,0,1,1,0.5,0.5,0.5,1,0,0.5,1,0.5,0.5,0,0.5
Smoking marijuana with non-smokers around.,In Public,Habits,,,Openness,Willingness to Experiment,TRUE,Agreeableness,Compliance,FALSE,Substances,,,0,0,-0.5,0.5,0,0,0.5,0,0,-0.5,0.5,0.5,0,0,-0.5,0.5,0,0.5,-0.5,0,0.5,0.5,0,0,0,0.5,0,0,0.5,0,-0.5,0,0.5,0,0.5,0,-0.5,0.5,0.5,0,0,0,0.5,-0.5,0,0.5,0,0,-0.5,0
Googling a fact your date doesn't believe to prove them wrong.,Friends,Internet Etc,Habits,,Agreeableness,Trust in others,FALSE,Openness,Intellectual Curiosity,TRUE,Relationship,,,-0.5,0,-0.5,0,0.5,-0.5,0,0,-0.5,-0.5,-0.5,0,0,-0.5,-0.5,0,-0.5,0,-0.5,-0.5,0,0,-0.5,0,-0.5,0,-0.5,0,0,-0.5,-0.5,-0.5,0,-0.5,0,-0.5,-0.5,0,0,-0.5,0,-0.5,0,-0.5,-0.5,0,-0.5,0,-0.5,0
Trying a threesome with the person you just started seeing.,Love & Sex,,,,Openness,Willingness to Experiment,TRUE,Extraversion,Excitement-Seeking,TRUE,Relationship,,,-0.5,-1,-0.5,-0.5,-1,-0.5,0.5,0,-0.5,-0.5,0.5,0.5,0,-1,-0.5,-1,-1,0.5,-1,-1,0.5,-1,-1,0,-1,0.5,-0.5,0,0.5,-1,-0.5,-1,0.5,-1,-1,0,-0.5,0.5,-1,-1,0,0,-1,-0.5,-1,0.5,0,-1,-0.5,-1
Telling gross stories.,Friends,,,,Openness,Tolerance for Diversity,TRUE,Natural_Reactions,Sensitivity to Stress,FALSE,,,,-0.5,0,-0.5,0.5,-0.5,0,0.5,0,0,-0.5,0.5,-0.5,-0.5,0,-0.5,0.5,0,0.5,-0.5,-0.5,0.5,0.5,-0.5,0,-0.5,0.5,0,0,0.5,-0.5,-0.5,0,0.5,-0.5,0.5,0,-0.5,0.5,0.5,-0.5,0,-0.5,0.5,-0.5,0,0.5,0,0,-0.5,0
Making up stories for your kids.,Home & Family,,,,Openness,Imagination,TRUE,Agreeableness,Sympathy,TRUE,Parental,,,0.5,0.5,0,0,0.5,0.5,0,-0.5,0.5,0,0,0,-0.5,0.5,0,0,0.5,0,0,0.5,0,0,0.5,-0.5,0.5,0,0.5,-0.5,0,0.5,0,0.5,0,0.5,0,0.5,0,0,0,0.5,-0.5,0.5,0,0,0.5,0,0.5,-0.5,0,-0.5
Making up your own moves on the dance floor.,Play,,,,Openness,Imagination,TRUE,Openness,Willingness to Experiment,TRUE,,,,0.5,0.5,0,0,0.5,0.5,0,-0.5,0.5,0,0,0,-0.5,0.5,0,0,0.5,0,0,0.5,0,0,0.5,-0.5,0.5,0,0.5,-0.5,0,0.5,0,0.5,0,0.5,0,0.5,0,0,0,0.5,-0.5,0.5,0,0,0.5,0,0.5,-0.5,0,-0.5
Answering honestly when a friend sees you crying and asks what is wrong.,Personal,Friends,,,Openness,Depth of Emotions,TRUE,Agreeableness,Trust in others,TRUE,Trust,,,0.5,0.5,0,0,0.5,0.5,0,-0.5,0.5,0,0,0,-0.5,0.5,0,0,0.5,0,0,0.5,0,0,0.5,-0.5,0.5,0,0.5,-0.5,0,0.5,0,0.5,0,0.5,0,0.5,0,0,0,0.5,-0.5,0.5,0,0,0.5,0,0.5,-0.5,0,-0.5
"Saying ""nothing"" when a friend sees you crying and asks what is wrong.",Personal,Friends,,,Openness,Depth of Emotions,TRUE,Agreeableness,Trust in others,FALSE,Trust,,,0.5,0.5,0,0,0.5,0.5,0,-0.5,0.5,0,0,0,-0.5,0.5,0,0,0.5,0,0,0.5,0,0,0.5,-0.5,0.5,0,0.5,-0.5,0,0.5,0,0.5,0,0.5,0,0.5,0,0,0,0.5,-0.5,0.5,0,0,0.5,0,0.5,-0.5,0,-0.5
Crying at a movie.,Play,Personal,,,Openness,Depth of Emotions,TRUE,Natural_Reactions,Self-Consciousness,FALSE,,,,0.5,0.5,0,0,0.5,0.5,0,-0.5,0.5,0,0,0,-0.5,0.5,0,0,0.5,0,0,0.5,0,0,0.5,-0.5,0.5,0,0.5,-0.5,0,0.5,0,0.5,0,0.5,0,0.5,0,0,0,0.5,-0.5,0.5,0,0,0.5,0,0.5,-0.5,0,-0.5
Crying on the street when you're having a bad day.,Play,Personal,,,Openness,Depth of Emotions,TRUE,Natural_Reactions,Self-Consciousness,FALSE,,,,0.5,0.5,0,0,0.5,0.5,0,-0.5,0.5,0,0,0,-0.5,0.5,0,0,0.5,0,0,0.5,0,0,0.5,-0.5,0.5,0,0.5,-0.5,0,0.5,0,0.5,0,0.5,0,0.5,0,0,0,0.5,-0.5,0.5,0,0,0.5,0,0.5,-0.5,0,-0.5
Going to a dive bar.,Play,Food & Drink,Friends,,Openness,Willingness to Experiment,TRUE,Conscientiousness,Orderliness,FALSE,Substances,,,0,0,-0.5,0.5,0,0,0.5,0,0,-0.5,0.5,0.5,0,0,-0.5,0.5,0,0.5,-0.5,0,0.5,0.5,0,0,0,0.5,0,0,0.5,0,-0.5,0,0.5,0,0.5,0,-0.5,0.5,0.5,0,0,0,0.5,-0.5,0,0.5,0,0,-0.5,0
Eating at a really expensive restaurant to try the food.,Food & Drink,Money,,,Openness,Artistic Interests,TRUE,Conscientiousness,Self-Discipline,FALSE,,,,0.5,0.5,0,0,0.5,0.5,0,-0.5,0.5,0,0,0,-0.5,0.5,0,0,0.5,0,0,0.5,0,0,0.5,-0.5,0.5,0,0.5,-0.5,0,0.5,0,0.5,0,0.5,0,0.5,0,0,0,0.5,-0.5,0.5,0,0,0.5,0,0.5,-0.5,0,-0.5
Trying exotic or unusual food.,Food & Drink,,,,Openness,Artistic Interests,TRUE,Natural_Reactions,Anxiety,FALSE,,,,0.5,0.5,0,0,0.5,0.5,0,-0.5,0.5,0,0,0,-0.5,0.5,0,0,0.5,0,0,0.5,0,0,0.5,-0.5,0.5,0,0.5,-0.5,0,0.5,0,0.5,0,0.5,0,0.5,0,0,0,0.5,-0.5,0.5,0,0,0.5,0,0.5,-0.5,0,-0.5
Reading reviews before trying a new restaurant.,Food & Drink,Internet Etc,,,Conscientiousness,Cautiousness,TRUE,Openness,Willingness to Experiment,FALSE,,,,0.5,0.5,0.5,0,0.5,0.5,0,0,0.5,0.5,0,0,0,0.5,0.5,0,0.5,0,0.5,0.5,0,0,0.5,0,0.5,0,0.5,0,0,0.5,0.5,0.5,0,0.5,0,0.5,0.5,0,0,0.5,0,0.5,0,0.5,0.5,0,0.5,0,0.5,0
Hiking on a first date.,Love & Sex,The Great Outdoors,,,Openness,Artistic Interests,TRUE,Extraversion,Activity Level,TRUE,Relationship,,,0.5,0.5,0,0,0.5,0.5,0,-0.5,0.5,0,0,0,-0.5,0.5,0,0,0.5,0,0,0.5,0,0,0.5,-0.5,0.5,0,0.5,-0.5,0,0.5,0,0.5,0,0.5,0,0.5,0,0,0,0.5,-0.5,0.5,0,0,0.5,0,0.5,-0.5,0,-0.5
Spending more than two hours at a museum.,Play,,,,Openness,Artistic Interests,TRUE,Openness,Intellectual Curiosity,TRUE,,,,0.5,0.5,0,0,0.5,0.5,0,-0.5,0.5,0,0,0,-0.5,0.5,0,0,0.5,0,0,0.5,0,0,0.5,-0.5,0.5,0,0.5,-0.5,0,0.5,0,0.5,0,0.5,0,0.5,0,0,0,0.5,-0.5,0.5,0,0,0.5,0,0.5,-0.5,0,-0.5
Spending more than an hour at a museum.,Play,,,,Openness,Artistic Interests,TRUE,Openness,Intellectual Curiosity,TRUE,,,,0.5,0.5,0,0,0.5,0.5,0,-0.5,0.5,0,0,0,-0.5,0.5,0,0,0.5,0,0,0.5,0,0,0.5,-0.5,0.5,0,0.5,-0.5,0,0.5,0,0.5,0,0.5,0,0.5,0,0,0,0.5,-0.5,0.5,0,0,0.5,0,0.5,-0.5,0,-0.5
Planning a trip to watch a meteor shower.,Play,Internet Etc,Friends,,Openness,Artistic Interests,TRUE,Extraversion,Excitement-Seeking,TRUE,,,,0.5,0.5,0,0,0.5,0.5,0,-0.5,0.5,0,0,0,-0.5,0.5,0,0,0.5,0,0,0.5,0,0,0.5,-0.5,0.5,0,0.5,-0.5,0,0.5,0,0.5,0,0.5,0,0.5,0,0,0,0.5,-0.5,0.5,0,0,0.5,0,0.5,-0.5,0,-0.5
Sitting and watching the ocean.,Play,,,,Openness,Artistic Interests,TRUE,Extraversion,Activity Level,FALSE,,,,0.5,0.5,0,0,0.5,0.5,0,-0.5,0.5,0,0,0,-0.5,0.5,0,0,0.5,0,0,0.5,0,0,0.5,-0.5,0.5,0,0.5,-0.5,0,0.5,0,0.5,0,0.5,0,0.5,0,0,0,0.5,-0.5,0.5,0,0,0.5,0,0.5,-0.5,0,-0.5
Going to a nudist resort with a person you just started seeing.,Love & Sex,,,,Openness,Willingness to Experiment,TRUE,Natural_Reactions,Self-Consciousness,FALSE,Relationship,,,-1,-1,-0.5,-1,-1,-1,-1,-1,-1,-0.5,-1,-1,-0.5,-0.5,-1,-1,-1,-0.5,-1,-1,-1,-0.5,-1,-0.5,-1,-0.5,-1,-0.5,-1,-1,-1,0,-1,-1,-1,-1,-1,-1,-1,-1,0,-1,0,-1,-1,-1,-0.5,-1,-1,0
Freaking out over the future.,School,,,,Openness,Willingness to Experiment,FALSE,Natural_Reactions,Sensitivity to Stress,TRUE,,,,0,0,0.5,0.5,0,0,-0.5,0,0,0.5,-0.5,-0.5,0,0,0.5,-0.5,0,0,-0.5,0,-0.5,0.5,0,0,0,-0.5,1,-0.5,0.5,1,-0.5,0,-0.5,0,-0.5,0.5,-1,-0.5,-1,0.5,-0.5,0,-1,0.5,0.5,-0.5,1,0,-0.5,-1
Trying a new sport with a group of friends.,Play,Play,,,Openness,Willingness to Experiment,TRUE,Extraversion,Activity Level,TRUE,,,,0,0,-0.5,0.5,0,0,0.5,0,0,-0.5,0.5,0.5,0,0,-0.5,0.5,0,0.5,-0.5,0,0.5,0.5,0,0,0,0.5,0,0,0.5,0,-0.5,0,0.5,0,0.5,0,-0.5,0.5,0.5,0,0,0,0.5,-0.5,0,0.5,0,0,-0.5,0
Doing psychedelic drugs with a group of close friends.,Play,Friends,,,Openness,Willingness to Experiment,TRUE,Openness,Intellectual Curiosity,TRUE,,,,0,0,-0.5,0.5,0,0,0.5,0,0,-0.5,0.5,0.5,0,0,-0.5,0.5,0,0.5,-0.5,0,0.5,0.5,0,0,0,0.5,0,0,0.5,0,-0.5,0,0.5,0,0.5,0,-0.5,0.5,0.5,0,0,0,0.5,-0.5,0,0.5,0,0,-0.5,0
Doing psychedelic drugs with people you just met.,Play,Friends,,,Openness,Willingness to Experiment,TRUE,Agreeableness,Trust in others,TRUE,,,,0,0,-0.5,0.5,0,-1,0.5,0,0,-0.5,0.5,0.5,0,0,-0.5,0.5,0,0.5,-0.5,0,0.5,0.5,0,0,0,0.5,0,0,0.5,0,-0.5,0,0.5,0,0.5,0,-0.5,0.5,0.5,0,0,0,0.5,-0.5,0,0.5,0,0,-0.5,0
Writing poetry.,Personal,,,,Openness,Imagination,TRUE,Openness,Artistic Interests,TRUE,,,,0.5,0.5,0,0,0.5,0.5,0,-0.5,0.5,0,0,0,-0.5,0.5,0,0,0.5,0,0,0.5,0,0,0.5,-0.5,0.5,0,0.5,-0.5,0,0.5,0,0.5,0,0.5,0,0.5,0,0,0,0.5,-0.5,0.5,0,0,0.5,0,0.5,-0.5,0,-0.5
Writing fiction.,Personal,,,,Openness,Imagination,TRUE,Openness,Artistic Interests,TRUE,,,,0.5,0.5,0,0,0.5,0.5,0,-0.5,0.5,0,0,0,-0.5,0.5,0,0,0.5,0,0,0.5,0,0,0.5,-0.5,0.5,0,0.5,-0.5,0,0.5,0,0.5,0,0.5,0,0.5,0,0,0,0.5,-0.5,0.5,0,0,0.5,0,0.5,-0.5,0,-0.5
Debating the meaning of life.,Play,Friends,,,Openness,Intellectual Curiosity,TRUE,Extraversion,Assertiveness,TRUE,,,,0,0,-0.5,0.5,0,0,0.5,0,0,-0.5,0.5,0.5,0,0,-0.5,0.5,0,0.5,-0.5,0,0.5,0.5,0,0,0,0.5,0,0,0.5,0,-0.5,0,0.5,0,0.5,0,-0.5,0.5,0.5,0,0,0,0.5,-0.5,0,0.5,0,0,-0.5,0
Looking up something you don't know or understand.,Personal,,,,Openness,Intellectual Curiosity,TRUE,Natural_Reactions,Self-Consciousness,FALSE,,,,0,0,-0.5,0.5,0,0,0.5,0,0,-0.5,0.5,0.5,0,0,-0.5,0.5,0,0.5,-0.5,0,0.5,0.5,0,0,0,0.5,0,0,0.5,0,-0.5,0,0.5,0,0.5,0,-0.5,0.5,0.5,0,0,0,0.5,-0.5,0,0.5,0,0,-0.5,0
Talking about politics with your partner.,Love & Sex,,,,Openness,Intellectual Curiosity,TRUE,Conscientiousness,Sense of Responsibility,TRUE,Relationship,,,0,0,-0.5,0.5,0,0,0.5,0,0,-0.5,0.5,0.5,0,0,-0.5,0.5,0,0.5,-0.5,0,0.5,0.5,0,0,0,0.5,0,0,0.5,0,-0.5,0,0.5,0,0.5,0,-0.5,0.5,0.5,0,0,0,0.5,-0.5,0,0.5,0,0,-0.5,0
Being open to new ways to do something.,Work,,,,Openness,Willingness to Experiment,FALSE,Natural_Reactions,Self-Consciousness,FALSE,,,,0,0,0.5,-0.5,0,0,-0.5,0,0,-0.5,-0.5,-0.5,0,0,0.5,-0.5,0,-0.5,-0.5,0,-0.5,-0.5,0,0,0,-0.5,0,0,-0.5,-0.5,0.5,0,-0.5,0,-0.5,0,0.5,-0.5,-0.5,0,-0.5,0,-0.5,0.5,0,-0.5,0,0,0.5,0
Looking up what experts say before making a decision.,Work,School,,,Openness,Tolerance for Diversity,FALSE,Agreeableness,Compliance,TRUE,Work,,,0,-0.5,0.5,-0.5,0,0,-0.5,0,0,0.5,-0.5,-0.5,0,0,-0.5,-0.5,0,-0.5,0.5,0,-0.5,-0.5,0,0,-0.5,-0.5,0,0,-0.5,0,0.5,0,-0.5,0,-0.5,-0.5,0.5,-0.5,-0.5,0,0,0,-0.5,-0.5,0,-0.5,0,0,-0.5,0
Attending a gay wedding for your cousin.,Love & Sex,Home & Family,Play,,Openness,Tolerance for Diversity,TRUE,Extraversion,Warmth,TRUE,Relationship,,,1,1,-0.5,0.5,0,1,0.5,0,1,-0.5,0.5,0.5,0,1,-0.5,0.5,1,0.5,-0.5,1,0.5,0.5,0,1,0,0.5,1,0,0.5,0,1,0,0.5,1,1,0,-0.5,1,0.5,1,0.5,0,0.5,1,0,0.5,0,0,-0.5,1
Making a speech at your birthday party.,Play,,,,Natural_Reactions,Self-Consciousness,FALSE,Extraversion,Activity Level,TRUE,,,,0,0,0,0.5,0,0,1,-0.5,0,1,-0.5,1,0.5,0,0,0.5,0,0.5,0,0,1,0.5,0,1,0,0.5,0,1,1,0,0.5,0,1,0,-0.5,0,0,0.5,1,0,1,0,0.5,0,1,-0.5,0,0.5,0,0
Accepting a sincere apology immediately.,Friends,,,,Natural_Reactions,Moodiness,FALSE,Extraversion,Warmth,TRUE,,,,-0.5,0.5,-0.5,-0.5,0.5,0,-0.5,-0.5,-0.5,-0.5,0.5,-0.5,0.5,-0.5,-0.5,0.5,-0.5,0.5,0.5,-0.5,-1,0.5,-0.5,0.5,-0.5,-1,0.5,0.5,-1,-0.5,0.5,-0.5,0.5,-0.5,0.5,-0.5,-0.5,0.5,0.5,-0.5,0.5,-0.5,-1,-0.5,-0.5,0.5,-0.5,0.5,-0.5,1
Accepting a half-hearted apology.,Friends,,,,Natural_Reactions,Moodiness,FALSE,Extraversion,Warmth,TRUE,,,,-1,0,-1,-1,0,0,-0.5,-1,-1,-1,-1,-1,0.5,-0.5,-0.5,-0.5,-0.5,-0.5,-0.5,-1,-1,-0.5,0.5,-0.5,-1,-1,-0.5,-0.5,-1,-1,-0.5,-1,-0.5,-1,-0.5,-1,-1,-0.5,-0.5,-1,-0.5,-0.5,-1,-1,-0.5,-0.5,-1,-1,-1,-1
Making sure to invite everyone to a party so you don't hurt their feelings.,Friends,Play,,,Conscientiousness,Sense of Responsibility,TRUE,Agreeableness,Sympathy,TRUE,,,,0.5,0.5,0.5,0.5,0.5,0.5,0.5,1,0.5,0.5,0.5,0.5,1,0.5,0.5,0.5,0.5,0.5,0.5,0.5,0.5,0.5,0.5,1,0.5,0.5,0.5,1,0.5,0.5,0.5,0.5,0.5,0.5,0.5,0.5,0.5,0.5,0.5,0.5,1,0.5,0.5,0.5,0.5,0.5,0.5,1,0.5,1
Avoiding your friends to get some alone time.,Friends,,,,Natural_Reactions,Moodiness,TRUE,Extraversion,Gregariousness,FALSE,,,,0.5,0.5,0.5,-1,0.5,0.5,-1,-1,0.5,0.5,-1,-1,-1,0.5,0.5,-1,0.5,-1,0.5,0.5,-1,-1,0.5,-1,0.5,-1,0.5,-1,-1,0.5,0.5,0.5,-1,0.5,-1,0.5,0.5,-1,-1,0.5,-1,0.5,-1,0.5,0.5,-1,0.5,-1,0.5,-1
Drinking because you're feeling stressed or anxious.,Food & Drink,Work,,,Natural_Reactions,Moodiness,TRUE,Natural_Reactions,Sensitivity to Stress,TRUE,Work,Substances,,0.5,0.5,0.5,-1,0.5,0.5,-1,-1,0.5,0.5,-1,-1,-1,0.5,0.5,-1,0.5,-1,0.5,0.5,-1,-1,0.5,-1,0.5,-1,0.5,-1,-1,0.5,0.5,0.5,-1,0.5,-1,0.5,0.5,-1,-1,0.5,-1,0.5,-1,0.5,0.5,-1,0.5,-1,0.5,-1
Looking for a new job as soon as you lose your old one.,Work,Money,,,Conscientiousness,Achievement Striving,TRUE,Natural_Reactions,Sensitivity to Stress,TRUE,Work,,,0,0,0.5,0.5,0,0,0.5,0.5,0,0.5,0.5,0.5,0.5,0,0.5,0.5,0,0.5,0.5,0,0.5,0.5,0,0.5,0,0.5,0,0.5,0.5,0,0.5,0,0.5,0,0.5,0,0.5,0.5,0.5,0,0.5,0,0.5,0.5,0,0.5,0,0.5,0.5,0.5
Taking time off between jobs to do something like travel.,Work,,,,Conscientiousness,Achievement Striving,FALSE,Natural_Reactions,Sensitivity to Stress,FALSE,Work,,,0.5,0.5,-1,-0.5,0.5,0,-0.5,-1,0.5,-0.5,-1,-0.5,-0.5,0.5,-0.5,-0.5,0.5,-1,-0.5,0.5,-1,-0.5,0.5,-1,0.5,-1,-1,-0.5,-0.5,0.5,-0.5,0.5,-1,0.5,-1,0.5,-0.5,-0.5,-0.5,0.5,-1,-1,-0.5,-0.5,-1,-0.5,0.5,-0.5,-1,-1
Keeping calm in an emergency.,In Public,Play,,,Natural_Reactions,Sensitivity to Stress,FALSE,Extraversion,Assertiveness,TRUE,,,,0,0,0,0.5,0,0,0.5,0.5,0,0,0.5,0.5,0.5,0,0,0.5,0,0.5,0,0,0.5,0.5,0,0.5,0,0.5,0,0.5,0.5,0,0,0,0.5,0,0.5,0,0,0.5,0.5,0,0.5,0,0.5,0,0,0.5,0,0.5,0,0.5
Acting fast in an emergency.,In Public,,,,Extraversion,Assertiveness,TRUE,Natural_Reactions,Sensitivity to Stress,FALSE,,,,0.5,0.5,0,1,0.5,0.5,1,0.5,0.5,0,1,1,0.5,0.5,0,1,0.5,1,0,0.5,1,1,0.5,0.5,0.5,1,0.5,0.5,1,0.5,0,0.5,1,0.5,1,0.5,0,1,1,0.5,0.5,0.5,1,0,0.5,1,0.5,0.5,0,0.5
Giving a stranger CPR to save their life.,In Public,Food & Drink,,,Extraversion,Assertiveness,TRUE,Natural_Reactions,Sensitivity to Stress,FALSE,,,,0.5,0.5,0,1,0.5,0.5,1,0.5,0.5,0,1,1,0.5,0.5,0,1,0.5,1,0,0.5,1,1,0.5,0.5,0.5,1,0.5,0.5,1,0.5,0,0.5,1,0.5,1,0.5,0,1,1,0.5,0.5,0.5,1,0,0.5,1,0.5,0.5,0,0.5
Stepping in to stop kids from bullying a younger kid.,In Public,,,,Agreeableness,Altruism,TRUE,Extraversion,Assertiveness,TRUE,Parental,,,1,1,1,0,1,1,0,0,1,1,0,0,0,1,1,0,1,0,1,1,0,0,1,0,1,0,1,0,0,1,1,1,0,1,0,1,1,0,0,1,0,1,0,1,1,0,1,0,1,0
Saying something when you hear kids bullying in class.,In Public,,,,Agreeableness,Altruism,TRUE,Extraversion,Assertiveness,TRUE,School,,,1,1,1,0,1,1,0,0,1,1,0,0,0,1,1,0,1,0,1,1,0,0,1,0,1,0,1,0,0,1,1,1,0,1,0,1,1,0,0,1,0,1,0,1,1,0,1,0,1,0
"Texting ""we need to talk"" when you want to break up.",Love & Sex,Internet Etc,,,Natural_Reactions,Anxiety,TRUE,Agreeableness,Sympathy,TRUE,Relationship,,,0,0,0,-1,0,0,-1,-1,0,0,-1,-1,-1,0,0,-1,0,-1,0,0,-1,-1,0,-1,0,-1,0,-1,-1,0,0,0,-1,0,-1,0,0,-1,-1,0,-1,0,-1,0,0,-1,-0.5,-1,0,-1
Getting into a fist fight when you're drunk.,In Public,Food & Drink,,,Natural_Reactions,Expressing Hostility,TRUE,Extraversion,Assertiveness,TRUE,Substances,,,-1,-1,0,0,-1,-1,0,0,-1,0,0,0,0,-1,0,0,-1,0,-1,-1,0,0,-1,0,-1,-0.5,0,-1,-0.5,-1,-0.5,-1,0,-0.5,-1,-1,-1,-1,0,-1,-1,-1,-1,-1,0,0,-1,-1,0.5,-0.5
Getting into arguments when you're drunk.,In Public,Food & Drink,,,Natural_Reactions,Expressing Hostility,TRUE,Extraversion,Assertiveness,TRUE,Substances,,,-0.5,0,0,-0.5,0,-0.5,0,0,0,-0.5,0,-0.5,-0.5,0,0,-0.5,-0.5,-0.5,0,-0.5,-0.5,-0.5,-0.5,-0.5,0,0,-0.5,-0.5,0,0,0,0,-0.5,-0.5,-0.5,0,0,-0.5,0,-0.5,-1,-0.5,0,0,-0.5,-0.5,-1,0,0,-1
Cheating on your girlfriend or boyfriend while drunk.,Love & Sex,Play,Food & Drink,,Agreeableness,Sincerity,FALSE,Conscientiousness,Self-Discipline,FALSE,Relationship,Substances,,-1,-1,-0.5,-0.5,-1,-1,0,0.5,-0.5,0,0,0,0,-1,0.5,0.5,-0.5,0,0,-1,0,0,-1,0,-1,0.5,-0.5,0,0,-1,0,-1,0,-1,0,-1,0.5,0.5,0.5,-1,0,-1,0,0,-1,0,-1,0,0,0.5
Cheating on your girlfriend or boyfriend while sober.,Love & Sex,Play,Food & Drink,,Agreeableness,Sincerity,FALSE,Conscientiousness,Self-Discipline,FALSE,Relationship,,,-1,-1,-1,-0.5,-1,-1,-1,-0.5,-1,0,-1,-1,0,-1,-1,-1,-1,-1,-1,-1,-1,-1,-1,-1,-1,-1,-0.5,-1,-0.5,-1,-1,-1,-0.5,-1,-0.5,-1,-1,-1,-0.5,-1,-1,-1,-0.5,-1,-1,-1,-1,-1,-0.5,-0.5
Lying when you're caught cheating on your girlfriend or boyfriend.,Love & Sex,,,,Agreeableness,Sincerity,FALSE,Natural_Reactions,Anxiety,TRUE,Relationship,,,-1,-1,-1,-0.5,-1,-1,0,-0.5,-1,-1,-0.5,-0.5,0,-1,-1,-0.5,-1,0.5,-1,0.5,-0.5,0.5,-1,-0.5,-1,0.5,-1,0.5,-0.5,-1,0.5,-1,-0.5,-1,-0.5,0.5,-1,-0.5,-0.5,-1,0,-1,-0.5,-0.5,-1,-0.5,-1,-0.5,-0.5,0
Knowing when to stop drinking.,Habits,Food & Drink,,,Natural_Reactions,Self-Indulgence,FALSE,Conscientiousness,Self-Discipline,TRUE,Substances,,,-0.5,0,-0.5,0.5,-0.5,0,1,0.5,0,-0.5,1,0.5,0.5,-0.5,-0.5,0.5,0,1,-0.5,-0.5,0.5,0,-0.5,1,-0.5,0.5,0,0.5,1,-0.5,-0.5,-0.5,1,-0.5,1,-0.5,-0.5,0.5,1,-0.5,1,-0.5,0,0,-0.5,0.5,-0.5,0.5,-0.5,1
Calling 911 when you see an accident on the highway.,In Public,In Public,,,Conscientiousness,Sense of Responsibility,TRUE,Extraversion,Assertiveness,TRUE,Ethical,,,-0.5,-0.5,0.5,0.5,-0.5,-0.5,0.5,1,-0.5,0.5,0.5,0.5,1,-0.5,0.5,0.5,-0.5,0.5,0.5,-0.5,0.5,0.5,-0.5,1,-0.5,0.5,-0.5,1,0.5,-0.5,0.5,-0.5,0.5,-0.5,0.5,-0.5,0.5,0.5,0.5,-0.5,1,-0.5,0.5,0.5,-0.5,0.5,-0.5,1,0,1
Keeping your cool when you mess up at work.,Work,,,,Natural_Reactions,Sensitivity to Stress,FALSE,Conscientiousness,Sense of Competence,TRUE,Work,,,0,0.5,0,0.5,0,0.5,1,0.5,0.5,0,0.5,0.5,0.5,0,0,0.5,0,1,0.5,0,1,0.5,0,1,0,0.5,0.5,0.5,1,0,0,0,0.5,0.5,0.5,0,0,1,0.5,0.5,1,0,0.5,0.5,0,0.5,0,1,0.5,1
Feeling anxious the first time you have sex with a new person.,Love & Sex,,,,Natural_Reactions,Sensitivity to Stress,TRUE,Agreeableness,Trust in others,FALSE,Relationship,Trust,,0,0,0,-0.5,0,0,-0.5,-0.5,0,0,-0.5,-0.5,-0.5,0,0,-0.5,0,-0.5,0.5,0,-0.5,-0.5,0,-0.5,0,-0.5,0,-0.5,-0.5,0,0,0,-0.5,0,-0.5,0,0,-0.5,-0.5,0,-0.5,0,-0.5,0,0,-0.5,0,-0.5,0,-0.5
Playing games like 20 Questions on a road trip.,Play,Friends,,,Openness,Imagination,TRUE,Extraversion,Activity Level,TRUE,,,,0.5,0.5,0,0,0.5,0.5,0,-0.5,0.5,0,0,0,-0.5,0.5,0,0,0.5,0,-0.5,0.5,0,0,0.5,-0.5,0.5,0,0.5,-0.5,0,0.5,0,0.5,0,0.5,0,0.5,0,0,0,0.5,-0.5,0.5,0,0,0.5,0,0.5,-0.5,-0.5,-0.5
Getting excited about a new idea your friend has for a business.,Friends,Work,,,Extraversion,Positive Emotions,TRUE,Agreeableness,Trust in others,TRUE,Work,,,1,1,0.5,0.5,1,1,0.5,0,1,0.5,0.5,0.5,0,1,0.5,0.5,1,0.5,0.5,1,0.5,0.5,1,0,1,0.5,1,0,0.5,1,0.5,1,0.5,1,0.5,1,0.5,0.5,0.5,1,0,1,0,0.5,1,0.5,1,0,0,0
Feeling content with your life.,Play,Play,Friends,,Natural_Reactions,Moodiness,FALSE,Extraversion,Excitement-Seeking,TRUE,,,,-0.5,-0.5,-0.5,1,-1,-0.5,1,1,-0.5,-0.5,1,1,1,-0.5,-0.5,1,-0.5,1,-0.5,-0.5,1,1,-0.5,1,-0.5,1,-0.5,1,1,-0.5,-0.5,-0.5,1,-0.5,1,-0.5,-0.5,1,1,-0.5,1,-0.5,0.5,-0.5,-0.5,1,-0.5,1,0,1
Compromising with your partner.,Love & Sex,,,,Natural_Reactions,Moodiness,FALSE,Conscientiousness,Achievement Striving,TRUE,Relationship,,,0.5,0,-0.5,1,-0.5,0,1,0.5,1,1,1,1,1,0,1,1,0,1,0,1,1,1,0.5,1,0.5,1,-0.5,1,0.5,-0.5,1,1,1,0.5,1,-0.5,1,1,1,1,1,-0.5,0.5,0.5,1,1,-0.5,1,0,1
Cursing or using foul language when talking with your friends.,Friends,,,,Agreeableness,Modesty,FALSE,Openness,Tolerance for Diversity,TRUE,,,,-0.5,0.5,-0.5,0.5,0.5,0,0.5,0.5,-0.5,-0.5,1,0.5,0.5,-1,-0.5,0.5,-0.5,1,-0.5,-1,1,0.5,-1,0.5,-0.5,1,-0.5,0.5,0.5,-1,-0.5,-0.5,0.5,-0.5,0.5,-0.5,-1,1,0.5,-0.5,1,-0.5,0.5,-1,-0.5,1,-0.5,0.5,-0.5,1
Letting yourself feel sad instead of trying to hide it with distractions.,Personal,In Public,,,Openness,Depth of Emotions,FALSE,Natural_Reactions,Moodiness,FALSE,,,,1,0.5,0,-0.5,-1,-0.5,0,-1,-1,0,-0.5,0,-0.5,-0.5,0,0,0.5,-0.5,0,-0.5,0.5,0,-0.5,0.5,0.5,-0.5,-0.5,-0.5,-0.5,-0.5,0,-0.5,0,-0.5,0,1,0,-0.5,1,-0.5,0.5,-0.5,-0.5,0,-0.5,0,1,-0.5,0,-0.5
Wanting to paint your room bright and vibrant colors.,Home & Family,,,,Openness,Imagination,TRUE,Openness,Artistic Interests,TRUE,,,,0.5,0.5,0,0,0.5,0.5,0,-0.5,0.5,0,0,-0.5,-0.5,0.5,0,0,0.5,0,0,0.5,0,0,0.5,-0.5,0.5,0,0.5,-0.5,0,0.5,0,0.5,0,0.5,0,0.5,0,-0.5,0,0.5,-0.5,0.5,0,0,0.5,0,0.5,-0.5,0,-0.5
Letting others have their way because it's not worth the fight.,Friends,In Public,,,Agreeableness,Compliance,TRUE,Natural_Reactions,Expressing Hostility,FALSE,,,,0.5,0.5,0.5,0,0,0.5,0,0,0,0.5,0,0,0,0.5,0.5,0,0.5,0,0.5,0.5,0,0,0.5,0,0.5,0,0.5,0,0,0.5,0.5,0.5,0,0.5,0,0.5,0.5,0,0,0.5,0,0.5,0,0.5,0.5,-0.5,0.5,0,0.5,0
Spell-checking your emails.,Internet Etc,,,,Conscientiousness,Orderliness,TRUE,Natural_Reactions,Self-Consciousness,TRUE,,,,1,1,0.5,0.5,1,1,0,0.5,1,0.5,0.5,0,0,1,0,0.5,1,-0.5,1,1,-0.5,0,0.5,1,1,0.5,0,0.5,0,0.5,0.5,1,0,1,0.5,0.5,0.5,0.5,0,0.5,-0.5,0,0.5,1,1,0,1,0,1,0
,,,,,,,TRUE,,,TRUE,,,,12,15,-10,21.5,13,9.5,21,-5.5,14.5,-6.5,17,15,-1.5,14,-9.5,19.5,14.5,22.5,-9,15.5,19,18.5,12,-1,13.5,23,19,-3.5,20.5,10,-4.5,13.5,22,13,16,14.5,-7,18.5,21.5,13,-6,11,15.5,-7.5,13.5,16.5,14.5,-8,-9.5,-4.5